{"stats":{"minecraft:used":{"minecraft:iron_shovel":25,"vampirism:heart_striker_enhanced":724,"minecraft:chest":1,"minecraft:iron_sword":510,"minecraft:stone":15,"vampirism:blood_container":1,"minecraft:jungle_planks":6,"minecraft:carrot":1,"easy_villagers:converter":1,"enchantinginfuser:advanced_enchanting_infuser":1,"minecraft:obsidian":12,"reliquary:glowing_bread":1,"minecraft:glass":2,"vampirism:totem_top_crafted":1,"tombstone:tablet_of_cupidity":2,"minecraft:bow":1,"minecraft:golden_boots":1,"minecraft:diorite":8,"minecraft:leather_leggings":1,"minecraft:oak_planks":1,"minecraft:wooden_pickaxe":34,"minecraft:sandstone":21,"vampirism:human_heart":22,"minecraft:golden_apple":4,"minecraft:cookie":2,"minecraft:sand":22,"scalinghealth:cursed_heart":6,"minecraft:crossbow":83,"easy_villagers:villager":8,"scalinghealth:enchanted_heart":10,"minecraft:light_gray_concrete":1,"minecraft:bread":162,"tombstone:grave_key":1,"minecraft:deepslate":2,"minecraft:gravel":35,"minecraft:diamond_sword":38,"vampirism:altar_cleansing":2,"minecraft:smithing_table":1,"chococraft:gysahl_green":19,"minecraft:experience_bottle":6,"minecraft:trident":250,"ironfurnaces:gold_furnace":2,"minecraft:flint_and_steel":1,"tombstone:scroll_of_frost_resistance":1,"minecraft:spruce_planks":2,"minecraft:sandstone_wall":2,"minecraft:torch":42,"minecraft:anvil":1,"minecraft:ancient_debris":4,"minecraft:dirt":9,"scalinghealth:heart_crystal":94,"minecraft:granite":4,"minecraft:wooden_axe":147,"vampirism:blood_pedestal":2,"minecraft:bookshelf":18,"minecraft:iron_axe":800,"easy_villagers:trader":2,"minecraft:iron_boots":1,"scalinghealth:power_crystal":40,"minecraft:smooth_basalt":6,"alexsmobs:banana":1,"tombstone:gift":9,"comforts:sleeping_bag_white":40,"minecraft:cobbled_deepslate":42,"minecraft:golden_axe":9,"minecraft:calcite":2,"minecraft:wheat_seeds":4,"minecraft:water_bucket":40,"tombstone:scroll_of_knowledge":1,"minecraft:amethyst_block":1,"minecraft:netherite_chestplate":2,"minecraft:red_nether_bricks":3,"minecraft:baked_potato":1,"scalinghealth:chance_heart":15,"vampirism:hunter_table":1,"minecraft:mossy_cobblestone":4,"minecraft:diamond_block":5,"tombstone:scroll_of_feather_fall":1,"minecraft:crafting_table":12,"experience_sword:experience_sword":226,"toolleveling:tool_leveling_table":1,"tombstone:bag_of_seeds":4,"minecraft:diamond_pickaxe":21039,"minecraft:diamond_shovel":229,"minecraft:iron_pickaxe":501,"minecraft:map":1,"tombstone:magic_scroll":3,"enchantinginfuser:enchanting_infuser":3,"minecraft:cobblestone":21,"minecraft:stripped_crimson_hyphae":1,"minecraft:white_banner":11,"minecraft:bucket":39,"vampirism:totem_base":1,"alexsmobs:animal_dictionary":5,"minecraft:chainmail_leggings":1},"minecraft:killed_by":{"minecraft:pillager":1,"minecraft:drowned":2,"minecraft:piglin":1,"minecraft:husk":1,"alexsmobs:skelewag":2,"mutantmonsters:mutant_skeleton":1,"minecraft:skeleton":1},"minecraft:crafted":{"minecraft:oak_planks":24,"chococraft:chocobo_whistle":1,"vampirism:altar_cleansing":1,"ironfurnaces:iron_furnace":1,"sophisticatedbackpacks:crafting_upgrade":1,"minecraft:bookshelf":7,"minecraft:glass":23,"minecraft:chest":2,"minecraft:copper_block":9,"easy_villagers:trader":2,"scalinghealth:power_crystal":10,"minecraft:wooden_shovel":1,"vampirism:totem_top_crafted":1,"minecraft:emerald":710,"minecraft:arrow":64,"sophisticatedbackpacks:backpack":1,"minecraft:crafting_table":5,"minecraft:wooden_pickaxe":2,"chococraft:chocopedia":1,"minecraft:copper_ingot":99,"minecraft:fletching_table":1,"sophisticatedbackpacks:upgrade_base":4,"vampirism:totem_base":1,"enchantinginfuser:advanced_enchanting_infuser":1,"minecraft:iron_chestplate":1,"minecraft:diamond_pickaxe":1,"sophisticatedbackpacks:diamond_backpack":1,"minecraft:stick":24,"minecraft:iron_ingot":9,"minecraft:iron_pickaxe":2,"minecraft:iron_block":3,"sophisticatedbackpacks:netherite_backpack":1,"vampirism:blood_pedestal":1,"chococraft:chocobo_saddle_pack":1,"minecraft:wooden_sword":1,"ironfurnaces:gold_furnace":1,"sophisticatedbackpacks:stack_upgrade_tier_3":1,"sophisticatedbackpacks:tool_swapper_upgrade":1,"comforts:sleeping_bag_white":1,"sophisticatedbackpacks:stack_upgrade_tier_1":1,"minecraft:furnace":1,"sophisticatedbackpacks:stack_upgrade_starter_tier":1,"minecraft:bone_meal":18,"minecraft:diamond_block":9,"minecraft:glass_pane":16,"chococraft:chocobo_saddle_bags":1,"minecraft:netherite_chestplate":1,"minecraft:iron_axe":3,"sophisticatedbackpacks:stack_upgrade_tier_2":1,"sophisticatedbackpacks:iron_backpack":1,"minecraft:wheat":216,"minecraft:diamond_sword":1,"sophisticatedbackpacks:advanced_tool_swapper_upgrade":1,"minecraft:iron_sword":2,"sophisticatedbackpacks:gold_backpack":1,"scalinghealth:heart_crystal":5,"minecraft:bucket":1,"minecraft:enchanted_book":6,"minecraft:bread":90,"minecraft:air":0,"minecraft:jungle_planks":16,"minecraft:white_wool":2,"minecraft:wooden_axe":3,"minecraft:iron_leggings":1,"chococraft:chocobo_saddle":2,"minecraft:anvil":1,"vampirism:blood_container":1,"minecraft:acacia_planks":32,"minecraft:torch":8},"minecraft:mined":{"minecraft:spruce_planks":2,"minecraft:sculk_vein":3,"minecraft:jungle_leaves":4,"minecraft:red_nether_bricks":6,"minecraft:obsidian":20,"minecraft:granite":159,"minecraft:budding_amethyst":3,"minecraft:stripped_crimson_hyphae":1,"minecraft:acacia_log":8,"minecraft:grass_block":9,"minecraft:mangrove_fence":1,"minecraft:jungle_log":132,"minecraft:cracked_polished_blackstone_bricks":40,"vampirism:hunter_table":1,"minecraft:gilded_blackstone":3,"minecraft:spawner":16,"comforts:sleeping_bag_white":11,"minecraft:polished_blackstone_bricks":171,"minecraft:tall_seagrass":1,"minecraft:sculk_catalyst":1,"ironfurnaces:gold_furnace":1,"minecraft:iron_ore":3,"minecraft:cobbled_deepslate":1,"minecraft:deepslate_lapis_ore":2,"minecraft:stripped_dark_oak_wood":1,"minecraft:sculk_shrieker":3,"chococraft:gysahl_green":12,"minecraft:dirt_path":7,"scalinghealth:deepslate_power_crystal_ore":25,"minecraft:oak_stairs":1,"minecraft:small_amethyst_bud":1,"minecraft:light_gray_concrete":2,"minecraft:stripped_mangrove_wood":3,"minecraft:waxed_cut_copper":1,"minecraft:deepslate_redstone_ore":18,"minecraft:blackstone":349,"minecraft:polished_deepslate_stairs":1,"minecraft:powder_snow":2,"minecraft:torch":15,"minecraft:calcite":28,"minecraft:chest":1,"minecraft:nether_quartz_ore":12,"minecraft:cobblestone":25,"minecraft:oak_planks":3,"minecraft:sugar_cane":1,"pots_and_mimics:nether_treasure_pot":4,"minecraft:wall_torch":18,"minecraft:amethyst_block":13,"minecraft:white_terracotta":4,"minecraft:wheat":4,"minecraft:waxed_copper_block":11,"minecraft:wither_rose":1,"minecraft:grass":45,"minecraft:oak_log":170,"minecraft:sand":43,"minecraft:dirt":27,"minecraft:sandstone_wall":2,"minecraft:smooth_basalt":26,"minecraft:netherrack":4164,"minecraft:ancient_debris":17,"minecraft:oak_leaves":7,"minecraft:deepslate":12298,"minecraft:nether_gold_ore":24,"minecraft:crying_obsidian":1,"minecraft:tuff":1408,"minecraft:mossy_cobblestone":4,"minecraft:deepslate_diamond_ore":1005,"enchantinginfuser:enchanting_infuser":3,"minecraft:dark_oak_log":5,"minecraft:mangrove_roots":4,"minecraft:dark_oak_fence":24,"minecraft:crimson_roots":2,"minecraft:moss_block":1,"minecraft:kelp":1,"minecraft:sandstone":28,"minecraft:hay_block":61,"minecraft:black_stained_glass_pane":2,"minecraft:furnace":1,"minecraft:snow":5,"minecraft:andesite":79,"minecraft:diamond_block":1,"minecraft:polished_deepslate":1,"minecraft:bookshelf":41,"minecraft:deepslate_iron_ore":5,"minecraft:vine":6,"minecraft:packed_ice":3,"minecraft:stone":1325,"minecraft:white_wool":3,"scalinghealth:heart_crystal_ore":4,"minecraft:smithing_table":1,"minecraft:snow_block":24,"minecraft:basalt":12,"vampirism:altar_cleansing":2,"minecraft:crafting_table":8,"minecraft:emerald_ore":2,"minecraft:sculk_sensor":9,"minecraft:lectern":2,"minecraft:copper_ore":15,"minecraft:tall_grass":31,"minecraft:diorite":140,"minecraft:mangrove_slab":1,"minecraft:coal_ore":2,"minecraft:gravel":227,"minecraft:cobweb":9,"minecraft:brown_terracotta":2,"minecraft:cracked_stone_bricks":13,"minecraft:terracotta":6,"minecraft:stone_bricks":12,"vampirism:blood_pedestal":1,"minecraft:mossy_stone_bricks":15,"minecraft:gold_ore":2,"pots_and_mimics:treasure_pot":10,"minecraft:fern":2},"minecraft:picked_up":{"minecraft:iron_chestplate":2,"chococraft:loverly_gysahl_green":3,"minecraft:wheat":10,"minecraft:chainmail_boots":1,"minecraft:flower_pot":1,"minecraft:smithing_table":1,"minecraft:wither_rose":1,"minecraft:enchanted_book":3,"minecraft:nether_brick":71,"vampirism:pure_salt_water":3,"minecraft:golden_sword":6,"minecraft:amethyst_block":13,"minecraft:polished_deepslate":1,"minecraft:string":100,"minecraft:raw_copper":1,"mutantmonsters:mutant_skeleton_skull":1,"minecraft:red_nether_bricks":5,"minecraft:experience_bottle":1,"vampirism:obi_belt":2,"alexsmobs:banana":1,"minecraft:cobbled_deepslate":370,"reliquary:zombie_heart":14,"comforts:sleeping_bag_white":40,"minecraft:spruce_planks":4,"minecraft:redstone_torch":1,"minecraft:calcite":29,"minecraft:furnace":1,"minecraft:golden_helmet":4,"minecraft:tipped_arrow":58,"minecraft:stick":65,"minecraft:polished_deepslate_stairs":1,"minecraft:torch":35,"minecraft:acacia_log":8,"minecraft:sandstone_wall":2,"minecraft:golden_axe":2,"minecraft:diorite":8,"tombstone:grave_dust":32,"vampirism:vampire_fang":1,"vampirism:amulet":5,"minecraft:goat_horn":1,"mutantmonsters:mutant_skeleton_pelvis":1,"sophisticatedbackpacks:stack_upgrade_tier_3":1,"minecraft:cactus":2,"vampirism:blood_bottle":5,"minecraft:rotten_flesh":195,"artifacts:villager_hat":1,"minecraft:mangrove_roots":4,"reliquary:mob_charm_fragment":41,"minecraft:white_terracotta":4,"chococraft:chocobo_drumstick_raw":9,"minecraft:waxed_cut_copper":1,"mutantmonsters:mutant_skeleton_shoulder_pad":2,"minecraft:cod":9,"minecraft:snowball":136,"minecraft:cobblestone":49,"minecraft:leather_chestplate":3,"vampirism:vampire_book":1,"minecraft:feather":5,"minecraft:cooked_beef":6,"minecraft:jungle_log":132,"minecraft:golden_leggings":3,"reliquary:molten_core":1,"minecraft:potato":9,"alexsmobs:bison_fur":4,"minecraft:flint":175,"minecraft:tuff":782,"minecraft:mangrove_slab":2,"minecraft:dirt":43,"minecraft:lantern":2,"minecraft:leather_boots":3,"minecraft:mangrove_fence":1,"minecraft:glass":3,"minecraft:bone":75,"minecraft:bow":5,"minecraft:wheat_seeds":26,"minecraft:raw_gold":4,"vampirism:item_garlic":5,"everlastingabilities:ability_totem":11,"artifacts:antidote_vessel":1,"minecraft:glowstone_dust":17,"minecraft:moss_block":1,"minecraft:oak_planks":22,"vampirism:ring":1,"alexsmobs:crocodile_egg":1,"minecraft:sand":102,"scalinghealth:enchanted_heart":1,"minecraft:stripped_spruce_log":5,"minecraft:ink_sac":8,"minecraft:dark_oak_log":4,"minecraft:bundle":7,"minecraft:light_gray_concrete":2,"alexsmobs:guster_eye":4,"minecraft:deepslate":5636,"artifacts:golden_hook":1,"minecraft:diamond":932,"minecraft:netherite_helmet":1,"enchantinginfuser:enchanting_infuser":2,"alexsmobs:rattlesnake_rattle":4,"minecraft:crossbow":39,"minecraft:granite":4,"alexsmobs:tarantula_hawk_wing_fragment":1,"minecraft:bone_meal":2,"minecraft:golden_apple":1,"minecraft:emerald":217,"scalinghealth:cursed_heart":2,"minecraft:oak_sapling":85,"reliquary:witch_hat":4,"minecraft:netherrack":30,"minecraft:dark_oak_fence":22,"minecraft:oak_leaves":1,"minecraft:diamond_pickaxe":1,"sophisticatedbackpacks:gold_backpack":1,"minecraft:cocoa_beans":13,"minecraft:crafting_table":8,"minecraft:leather_leggings":2,"minecraft:turtle_helmet":1,"alexsmobs:roadrunner_feather":1,"reliquary:hero_medallion":1,"minecraft:moss_carpet":2,"minecraft:iron_axe":19,"artifacts:feral_claws":1,"minecraft:iron_shovel":1,"reliquary:chelicerae":14,"minecraft:beef":27,"scalinghealth:chance_heart":1,"minecraft:jungle_sapling":11,"minecraft:lectern":2,"minecraft:chest":1,"minecraft:sugar_cane":2,"minecraft:sandstone":54,"minecraft:raw_iron":4,"minecraft:stripped_crimson_hyphae":1,"minecraft:stripped_mangrove_wood":3,"minecraft:stone":3,"reliquary:rib_bone":3,"minecraft:trident":1,"minecraft:carrot":2,"minecraft:redstone":136,"alexsmobs:crocodile_scute":3,"minecraft:arrow":78,"minecraft:beetroot_seeds":3,"ironfurnaces:gold_furnace":1,"minecraft:hay_block":61,"minecraft:stripped_dark_oak_wood":1,"mutantmonsters:mutant_skeleton_rib":6,"mowziesmobs:umvuthana_mask_bliss":1,"everlastingabilities:ability_bottle":1,"minecraft:saddle":4,"tombstone:essence_of_undeath":1,"minecraft:totem_of_undying":2,"sophisticatedbackpacks:copper_backpack":3,"ironfurnaces:augment_xp":1,"minecraft:mutton":3,"minecraft:white_wool":4,"minecraft:rail":1,"mowziesmobs:umvuthana_mask_fury":1,"vampirism:vampire_blood_bottle":2,"minecraft:golden_carrot":16,"minecraft:glow_ink_sac":3,"minecraft:salmon":11,"minecraft:leather":13,"minecraft:red_mushroom":2,"minecraft:oak_log":163,"minecraft:waxed_copper_block":11,"scalinghealth:bandages":5,"minecraft:golden_boots":2,"minecraft:gunpowder":73,"scalinghealth:heart_crystal":21,"mutantmonsters:mutant_skeleton_limb":8,"minecraft:white_banner":20,"chococraft:chocobo_feather":13,"minecraft:smooth_sandstone":4,"vampirism:human_heart":11,"chococraft:gysahl_green":35,"minecraft:apple":26,"mowziesmobs:umvuthana_mask_rage":1,"minecraft:kelp":22,"minecraft:stone_pickaxe":1,"mowziesmobs:foliaath_seed":1,"minecraft:iron_ingot":42,"minecraft:rabbit_hide":1,"scalinghealth:power_crystal_shard":14,"tombstone:bag_of_seeds":4,"artifacts:steadfast_spikes":1,"minecraft:glass_bottle":48,"vampirism:altar_cleansing":2,"minecraft:iron_sword":1,"minecraft:acacia_sapling":3,"minecraft:flowering_azalea":1,"minecraft:book":124,"scalinghealth:heart_crystal_shard":16,"minecraft:smooth_basalt":28,"alexsmobs:fish_bones":2,"minecraft:gravel":45,"chococraft:gysahl_green_seeds":16,"minecraft:crying_obsidian":6,"minecraft:spider_eye":59,"minecraft:stone_axe":1,"minecraft:chainmail_leggings":1,"minecraft:iron_helmet":2,"minecraft:birch_sign":39,"tombstone:magic_scroll":3,"minecraft:baked_potato":1,"minecraft:coal":8,"minecraft:ender_pearl":2},"minecraft:custom":{"minecraft:animals_bred":1,"minecraft:interact_with_crafting_table":46,"minecraft:open_barrel":89,"minecraft:bell_ring":3,"minecraft:eat_cake_slice":2,"minecraft:leave_game":28,"minecraft:time_since_death":223185,"minecraft:damage_resisted":9213,"minecraft:sprint_one_cm":4094831,"minecraft:drop":14,"minecraft:play_noteblock":1,"minecraft:talked_to_villager":116,"minecraft:play_time":965619,"minecraft:deaths":10,"minecraft:jump":5620,"minecraft:walk_on_water_one_cm":195043,"minecraft:enchant_item":8,"tombstone:steal_effect":15,"minecraft:interact_with_furnace":31,"minecraft:traded_with_villager":720,"minecraft:sleep_in_bed":42,"minecraft:damage_dealt":304346,"minecraft:crouch_one_cm":19331,"tombstone:undead_killed":212,"tombstone:villager_killed":1,"minecraft:interact_with_smoker":2,"minecraft:inspect_dispenser":1,"minecraft:interact_with_smithing_table":10,"minecraft:inspect_dropper":1,"minecraft:interact_with_anvil":22,"minecraft:mob_kills":820,"minecraft:damage_dealt_resisted":1076415,"minecraft:climb_one_cm":84170,"minecraft:walk_one_cm":2858894,"vampirism:capture_village":1,"minecraft:damage_dealt_absorbed":160,"minecraft:target_hit":4,"minecraft:raid_win":3,"vampirism:infected_creatures":17,"minecraft:sneak_time":7352,"minecraft:walk_under_water_one_cm":195910,"minecraft:interact_with_blast_furnace":2,"minecraft:total_world_time":965619,"vampirism:win_village_capture":4,"tombstone:raider_killed":186,"minecraft:raid_trigger":32,"minecraft:interact_with_grindstone":1,"minecraft:interact_with_stonecutter":1,"minecraft:time_since_rest":47783,"minecraft:damage_taken":99285,"minecraft:damage_absorbed":3151,"tombstone:cast_on_ally":0,"minecraft:swim_one_cm":429303,"minecraft:fly_one_cm":3170031,"minecraft:open_chest":324,"vampirism:defend_village":3,"minecraft:fall_one_cm":1486705},"minecraft:dropped":{"sophisticatedbackpacks:stack_upgrade_tier_3":1,"minecraft:crossbow":1,"minecraft:flint":1,"reliquary:chelicerae":2,"minecraft:bone_meal":2,"minecraft:sand":1,"minecraft:mangrove_slab":1,"minecraft:bone":2,"minecraft:cobbled_deepslate":3,"minecraft:rotten_flesh":2,"minecraft:oak_planks":20,"minecraft:stick":2,"minecraft:birch_sign":18},"minecraft:broken":{"minecraft:golden_boots":1,"minecraft:iron_boots":1,"minecraft:iron_chestplate":3,"minecraft:iron_leggings":2,"minecraft:iron_sword":2,"minecraft:wooden_axe":1,"minecraft:trident":1,"minecraft:leather_chestplate":1,"minecraft:iron_axe":3,"minecraft:iron_pickaxe":2},"minecraft:killed":{"vampirism:vampire":7,"minecraft:cave_spider":12,"minecraft:zombified_piglin":5,"minecraft:witch":7,"vampirism:advanced_vampire":5,"pots_and_mimics:pot_crab":1,"minecraft:spider":41,"alexsmobs:froststalker":1,"minecraft:skeleton":50,"vampirism:advanced_hunter":28,"alexsmobs:skelewag":4,"minecraft:piglin_brute":10,"artifacts:mimic":7,"vampirism:vampire_baron":2,"minecraft:magma_cube":5,"minecraft:piglin":35,"alexsmobs:grizzly_bear":2,"minecraft:zombie_villager":3,"minecraft:iron_golem":1,"mutantmonsters:mutant_skeleton":4,"minecraft:strider":1,"alexsmobs:crimson_mosquito":15,"vampirism:hunter":152,"minecraft:sheep":1,"minecraft:pillager":108,"minecraft:zombie":58,"minecraft:ghast":2,"alexsmobs:roadrunner":1,"alexsmobs:fly":1,"mowziesmobs:umvuthana_raptor":1,"minecraft:cow":7,"chococraft:chocobo":8,"alexsmobs:dropbear":1,"minecraft:evoker":8,"minecraft:vex":12,"alexsmobs:tarantula_hawk":1,"alexsmobs:raccoon":1,"minecraft:vindicator":40,"alexsmobs:rattlesnake":2,"minecraft:horse":1,"alexsmobs:bison":2,"minecraft:drowned":4,"goblintraders:goblin_trader":1,"minecraft:husk":84,"alexsmobs:guster":22,"mowziesmobs:umvuthana_follower_raptor":5,"minecraft:ravager":7,"minecraft:hoglin":3,"minecraft:squid":1,"alexsmobs:crocodile":3,"creeperoverhaul:ocean_creeper":5,"minecraft:villager":1,"minecraft:enderman":2}},"DataVersion":3120}