{"stats":{"minecraft:killed":{"vampirism:vampire":5,"minecraft:cave_spider":12,"vampirism:advanced_vampire":4,"pots_and_mimics:pot_crab":1,"minecraft:spider":30,"minecraft:skeleton":48,"vampirism:advanced_hunter":8,"alexsmobs:skelewag":4,"artifacts:mimic":5,"minecraft:magma_cube":5,"alexsmobs:grizzly_bear":2,"minecraft:zombie_villager":2,"mutantmonsters:mutant_skeleton":1,"vampirism:hunter":36,"minecraft:sheep":1,"minecraft:pillager":66,"minecraft:zombie":25,"alexsmobs:roadrunner":1,"mowziesmobs:umvuthana_raptor":1,"minecraft:cow":7,"chococraft:chocobo":6,"alexsmobs:tarantula_hawk":1,"minecraft:vindicator":9,"alexsmobs:rattlesnake":2,"alexsmobs:bison":2,"minecraft:drowned":4,"minecraft:husk":84,"alexsmobs:guster":22,"mowziesmobs:umvuthana_follower_raptor":5,"minecraft:ravager":1,"minecraft:squid":1,"alexsmobs:crocodile":3,"creeperoverhaul:ocean_creeper":5,"minecraft:enderman":2},"minecraft:dropped":{"minecraft:crossbow":1,"reliquary:chelicerae":2,"minecraft:flint":1,"minecraft:bone_meal":2,"minecraft:sand":1,"minecraft:mangrove_slab":1,"minecraft:bone":2,"minecraft:cobbled_deepslate":3,"minecraft:rotten_flesh":2,"minecraft:oak_planks":20,"minecraft:stick":2,"minecraft:birch_sign":18},"minecraft:used":{"minecraft:iron_shovel":25,"vampirism:heart_striker_enhanced":232,"minecraft:chest":1,"minecraft:stone":2,"minecraft:iron_sword":510,"vampirism:blood_container":1,"minecraft:jungle_planks":6,"minecraft:carrot":1,"easy_villagers:converter":1,"reliquary:glowing_bread":1,"tombstone:tablet_of_cupidity":1,"minecraft:bow":1,"minecraft:golden_boots":1,"minecraft:diorite":8,"minecraft:leather_leggings":1,"minecraft:oak_planks":1,"minecraft:wooden_pickaxe":34,"minecraft:sandstone":21,"vampirism:human_heart":4,"minecraft:cookie":2,"minecraft:golden_apple":1,"minecraft:sand":22,"scalinghealth:cursed_heart":6,"minecraft:crossbow":81,"easy_villagers:villager":8,"scalinghealth:enchanted_heart":1,"minecraft:light_gray_concrete":1,"minecraft:bread":162,"minecraft:deepslate":2,"minecraft:gravel":35,"minecraft:diamond_sword":38,"vampirism:altar_cleansing":2,"minecraft:smithing_table":1,"chococraft:gysahl_green":19,"minecraft:experience_bottle":6,"minecraft:trident":250,"ironfurnaces:gold_furnace":2,"tombstone:scroll_of_frost_resistance":1,"minecraft:spruce_planks":2,"minecraft:sandstone_wall":2,"minecraft:torch":42,"minecraft:dirt":5,"minecraft:anvil":1,"scalinghealth:heart_crystal":26,"minecraft:granite":4,"minecraft:wooden_axe":83,"vampirism:blood_pedestal":2,"minecraft:bookshelf":18,"minecraft:iron_axe":800,"easy_villagers:trader":2,"minecraft:iron_boots":1,"scalinghealth:power_crystal":7,"minecraft:smooth_basalt":4,"alexsmobs:banana":1,"tombstone:gift":7,"comforts:sleeping_bag_white":38,"minecraft:cobbled_deepslate":42,"minecraft:golden_axe":9,"minecraft:calcite":2,"minecraft:wheat_seeds":4,"minecraft:water_bucket":33,"minecraft:amethyst_block":1,"minecraft:red_nether_bricks":3,"minecraft:baked_potato":1,"scalinghealth:chance_heart":5,"minecraft:mossy_cobblestone":4,"tombstone:scroll_of_feather_fall":1,"minecraft:crafting_table":12,"experience_sword:experience_sword":226,"toolleveling:tool_leveling_table":1,"tombstone:bag_of_seeds":4,"minecraft:diamond_pickaxe":1064,"minecraft:iron_pickaxe":501,"minecraft:map":1,"tombstone:magic_scroll":2,"enchantinginfuser:enchanting_infuser":3,"minecraft:cobblestone":21,"minecraft:stripped_crimson_hyphae":1,"minecraft:white_banner":7,"minecraft:bucket":32,"alexsmobs:animal_dictionary":5,"minecraft:chainmail_leggings":1},"minecraft:mined":{"minecraft:spruce_planks":2,"minecraft:sculk_vein":3,"minecraft:jungle_leaves":4,"minecraft:red_nether_bricks":6,"minecraft:granite":13,"minecraft:acacia_log":8,"minecraft:stripped_crimson_hyphae":1,"minecraft:grass_block":2,"minecraft:jungle_log":132,"minecraft:mangrove_fence":1,"minecraft:spawner":15,"comforts:sleeping_bag_white":11,"minecraft:tall_seagrass":1,"minecraft:sculk_catalyst":1,"ironfurnaces:gold_furnace":1,"minecraft:cobbled_deepslate":1,"minecraft:stripped_dark_oak_wood":1,"minecraft:sculk_shrieker":3,"chococraft:gysahl_green":12,"minecraft:dirt_path":1,"scalinghealth:deepslate_power_crystal_ore":16,"minecraft:light_gray_concrete":2,"minecraft:stripped_mangrove_wood":3,"minecraft:waxed_cut_copper":1,"minecraft:deepslate_redstone_ore":10,"minecraft:polished_deepslate_stairs":1,"minecraft:torch":15,"minecraft:calcite":2,"minecraft:chest":1,"minecraft:cobblestone":12,"minecraft:sugar_cane":1,"minecraft:oak_planks":1,"minecraft:wall_torch":18,"minecraft:amethyst_block":1,"minecraft:white_terracotta":4,"minecraft:wheat":4,"minecraft:waxed_copper_block":11,"minecraft:wither_rose":1,"minecraft:grass":21,"minecraft:oak_log":116,"minecraft:sand":40,"minecraft:dirt":3,"minecraft:sandstone_wall":2,"minecraft:smooth_basalt":4,"minecraft:oak_leaves":2,"minecraft:deepslate":1061,"minecraft:crying_obsidian":1,"minecraft:tuff":77,"minecraft:mossy_cobblestone":4,"minecraft:deepslate_diamond_ore":56,"enchantinginfuser:enchanting_infuser":2,"minecraft:dark_oak_log":5,"minecraft:mangrove_roots":4,"minecraft:dark_oak_fence":24,"minecraft:kelp":1,"minecraft:sandstone":21,"minecraft:hay_block":61,"minecraft:black_stained_glass_pane":2,"minecraft:furnace":1,"minecraft:snow":3,"minecraft:andesite":11,"minecraft:polished_deepslate":1,"minecraft:bookshelf":41,"minecraft:deepslate_iron_ore":1,"minecraft:vine":6,"minecraft:packed_ice":3,"minecraft:stone":146,"minecraft:white_wool":3,"minecraft:smithing_table":1,"minecraft:snow_block":21,"vampirism:altar_cleansing":2,"minecraft:crafting_table":8,"minecraft:emerald_ore":2,"minecraft:sculk_sensor":9,"minecraft:lectern":2,"minecraft:tall_grass":27,"minecraft:diorite":32,"minecraft:mangrove_slab":1,"minecraft:gravel":40,"minecraft:cobweb":9,"minecraft:brown_terracotta":2,"minecraft:cracked_stone_bricks":13,"minecraft:terracotta":6,"minecraft:stone_bricks":11,"vampirism:blood_pedestal":1,"minecraft:mossy_stone_bricks":15,"minecraft:gold_ore":2,"pots_and_mimics:treasure_pot":10,"minecraft:fern":2},"minecraft:picked_up":{"chococraft:loverly_gysahl_green":3,"minecraft:iron_chestplate":2,"minecraft:wheat":10,"minecraft:chainmail_boots":1,"minecraft:flower_pot":1,"minecraft:smithing_table":1,"minecraft:wither_rose":1,"minecraft:enchanted_book":3,"vampirism:pure_salt_water":3,"minecraft:amethyst_block":1,"minecraft:polished_deepslate":1,"minecraft:string":93,"minecraft:raw_copper":1,"mutantmonsters:mutant_skeleton_skull":1,"minecraft:red_nether_bricks":5,"minecraft:experience_bottle":1,"vampirism:obi_belt":1,"minecraft:cobbled_deepslate":360,"alexsmobs:banana":1,"reliquary:zombie_heart":12,"comforts:sleeping_bag_white":38,"minecraft:spruce_planks":4,"minecraft:redstone_torch":1,"minecraft:calcite":3,"minecraft:furnace":1,"minecraft:golden_helmet":1,"minecraft:tipped_arrow":58,"minecraft:stick":57,"minecraft:polished_deepslate_stairs":1,"minecraft:torch":35,"minecraft:acacia_log":8,"minecraft:sandstone_wall":2,"minecraft:diorite":8,"tombstone:grave_dust":28,"vampirism:vampire_fang":1,"vampirism:amulet":1,"minecraft:goat_horn":1,"mutantmonsters:mutant_skeleton_pelvis":1,"minecraft:cactus":2,"vampirism:blood_bottle":5,"minecraft:rotten_flesh":181,"artifacts:villager_hat":1,"minecraft:mangrove_roots":4,"reliquary:mob_charm_fragment":2,"minecraft:white_terracotta":4,"chococraft:chocobo_drumstick_raw":9,"minecraft:waxed_cut_copper":1,"mutantmonsters:mutant_skeleton_shoulder_pad":2,"minecraft:cod":9,"minecraft:snowball":122,"minecraft:cobblestone":49,"vampirism:vampire_book":1,"minecraft:leather_chestplate":2,"minecraft:feather":5,"minecraft:cooked_beef":6,"minecraft:jungle_log":132,"reliquary:molten_core":1,"minecraft:potato":9,"alexsmobs:bison_fur":4,"minecraft:flint":5,"minecraft:tuff":32,"minecraft:mangrove_slab":2,"minecraft:dirt":6,"minecraft:mangrove_fence":1,"minecraft:bone":71,"minecraft:bow":4,"minecraft:wheat_seeds":24,"minecraft:raw_gold":4,"vampirism:item_garlic":5,"everlastingabilities:ability_totem":4,"artifacts:antidote_vessel":1,"minecraft:oak_planks":21,"alexsmobs:crocodile_egg":1,"minecraft:sand":102,"minecraft:stripped_spruce_log":5,"minecraft:ink_sac":8,"minecraft:dark_oak_log":4,"minecraft:bundle":6,"minecraft:light_gray_concrete":2,"alexsmobs:guster_eye":4,"minecraft:diamond":5,"minecraft:netherite_helmet":1,"enchantinginfuser:enchanting_infuser":2,"alexsmobs:rattlesnake_rattle":4,"minecraft:crossbow":7,"minecraft:granite":4,"alexsmobs:tarantula_hawk_wing_fragment":1,"minecraft:bone_meal":2,"minecraft:golden_apple":1,"minecraft:emerald":27,"scalinghealth:cursed_heart":2,"minecraft:oak_sapling":59,"minecraft:dark_oak_fence":22,"minecraft:oak_leaves":1,"minecraft:diamond_pickaxe":1,"sophisticatedbackpacks:gold_backpack":1,"minecraft:cocoa_beans":13,"minecraft:crafting_table":8,"minecraft:turtle_helmet":1,"alexsmobs:roadrunner_feather":1,"reliquary:hero_medallion":1,"minecraft:iron_axe":1,"artifacts:feral_claws":1,"reliquary:chelicerae":13,"minecraft:beef":27,"minecraft:jungle_sapling":11,"minecraft:lectern":2,"minecraft:chest":1,"minecraft:sugar_cane":2,"minecraft:stripped_crimson_hyphae":1,"minecraft:raw_iron":4,"minecraft:sandstone":54,"minecraft:stripped_mangrove_wood":3,"reliquary:rib_bone":2,"minecraft:trident":1,"minecraft:carrot":1,"minecraft:redstone":39,"alexsmobs:crocodile_scute":3,"minecraft:arrow":57,"minecraft:beetroot_seeds":3,"ironfurnaces:gold_furnace":1,"minecraft:hay_block":61,"mutantmonsters:mutant_skeleton_rib":6,"minecraft:stripped_dark_oak_wood":1,"everlastingabilities:ability_bottle":1,"mowziesmobs:umvuthana_mask_bliss":1,"minecraft:saddle":3,"tombstone:essence_of_undeath":1,"sophisticatedbackpacks:copper_backpack":1,"ironfurnaces:augment_xp":1,"minecraft:mutton":3,"minecraft:rail":1,"minecraft:white_wool":4,"mowziesmobs:umvuthana_mask_fury":1,"vampirism:vampire_blood_bottle":2,"minecraft:salmon":11,"minecraft:leather":12,"minecraft:oak_log":109,"minecraft:waxed_copper_block":11,"scalinghealth:bandages":3,"minecraft:gunpowder":3,"scalinghealth:heart_crystal":20,"mutantmonsters:mutant_skeleton_limb":8,"minecraft:white_banner":12,"chococraft:chocobo_feather":12,"vampirism:human_heart":11,"chococraft:gysahl_green":35,"minecraft:apple":22,"mowziesmobs:umvuthana_mask_rage":1,"minecraft:kelp":22,"mowziesmobs:foliaath_seed":1,"minecraft:rabbit_hide":1,"minecraft:iron_ingot":5,"scalinghealth:power_crystal_shard":9,"tombstone:bag_of_seeds":4,"vampirism:altar_cleansing":2,"minecraft:iron_sword":1,"minecraft:acacia_sapling":3,"minecraft:book":124,"scalinghealth:heart_crystal_shard":13,"minecraft:smooth_basalt":6,"alexsmobs:fish_bones":2,"minecraft:gravel":36,"chococraft:gysahl_green_seeds":15,"minecraft:crying_obsidian":1,"minecraft:spider_eye":54,"minecraft:birch_sign":39,"minecraft:baked_potato":1,"tombstone:magic_scroll":3,"minecraft:coal":8,"minecraft:ender_pearl":2},"minecraft:custom":{"minecraft:animals_bred":1,"minecraft:interact_with_crafting_table":44,"minecraft:open_barrel":81,"minecraft:bell_ring":3,"minecraft:eat_cake_slice":2,"minecraft:leave_game":14,"minecraft:time_since_death":552887,"minecraft:damage_resisted":900,"minecraft:sprint_one_cm":2419588,"minecraft:drop":13,"minecraft:play_noteblock":1,"minecraft:talked_to_villager":99,"minecraft:play_time":653723,"minecraft:deaths":9,"minecraft:jump":4692,"minecraft:walk_on_water_one_cm":169848,"minecraft:enchant_item":4,"minecraft:interact_with_furnace":24,"minecraft:traded_with_villager":719,"minecraft:sleep_in_bed":33,"minecraft:damage_dealt":120676,"minecraft:crouch_one_cm":16244,"tombstone:undead_killed":168,"minecraft:interact_with_smoker":2,"minecraft:inspect_dispenser":1,"minecraft:interact_with_smithing_table":4,"minecraft:inspect_dropper":1,"minecraft:interact_with_anvil":12,"minecraft:mob_kills":437,"minecraft:damage_dealt_resisted":335282,"minecraft:climb_one_cm":77456,"minecraft:walk_one_cm":1481770,"minecraft:damage_dealt_absorbed":80,"minecraft:target_hit":4,"minecraft:raid_win":2,"vampirism:infected_creatures":6,"minecraft:sneak_time":5816,"minecraft:walk_under_water_one_cm":181959,"minecraft:interact_with_blast_furnace":2,"minecraft:total_world_time":653723,"vampirism:win_village_capture":1,"tombstone:raider_killed":76,"minecraft:raid_trigger":2,"minecraft:interact_with_grindstone":1,"minecraft:interact_with_stonecutter":1,"minecraft:time_since_rest":21951,"minecraft:damage_taken":17477,"minecraft:damage_absorbed":752,"tombstone:cast_on_ally":0,"minecraft:swim_one_cm":419141,"minecraft:fly_one_cm":2213181,"minecraft:open_chest":241,"vampirism:defend_village":1,"minecraft:fall_one_cm":682043},"minecraft:crafted":{"minecraft:oak_planks":24,"chococraft:chocobo_whistle":1,"vampirism:altar_cleansing":1,"ironfurnaces:iron_furnace":1,"sophisticatedbackpacks:crafting_upgrade":1,"minecraft:bookshelf":7,"minecraft:glass":23,"minecraft:chest":2,"minecraft:copper_block":9,"easy_villagers:trader":2,"minecraft:arrow":64,"sophisticatedbackpacks:backpack":1,"minecraft:emerald":710,"minecraft:crafting_table":5,"minecraft:wooden_pickaxe":1,"chococraft:chocopedia":1,"minecraft:copper_ingot":99,"minecraft:fletching_table":1,"sophisticatedbackpacks:upgrade_base":2,"minecraft:iron_chestplate":1,"minecraft:diamond_pickaxe":1,"minecraft:stick":16,"minecraft:iron_ingot":9,"minecraft:iron_pickaxe":2,"minecraft:iron_block":3,"vampirism:blood_pedestal":1,"chococraft:chocobo_saddle_pack":1,"ironfurnaces:gold_furnace":1,"comforts:sleeping_bag_white":1,"sophisticatedbackpacks:stack_upgrade_tier_1":1,"minecraft:furnace":1,"sophisticatedbackpacks:stack_upgrade_starter_tier":1,"minecraft:bone_meal":18,"minecraft:glass_pane":16,"chococraft:chocobo_saddle_bags":1,"minecraft:iron_axe":3,"minecraft:wheat":216,"sophisticatedbackpacks:iron_backpack":1,"minecraft:diamond_sword":1,"minecraft:iron_sword":2,"sophisticatedbackpacks:gold_backpack":1,"scalinghealth:heart_crystal":1,"minecraft:enchanted_book":5,"minecraft:bread":90,"minecraft:air":0,"minecraft:jungle_planks":16,"minecraft:white_wool":2,"minecraft:wooden_axe":2,"minecraft:iron_leggings":1,"chococraft:chocobo_saddle":2,"minecraft:anvil":1,"vampirism:blood_container":1,"minecraft:acacia_planks":32,"minecraft:torch":8},"minecraft:killed_by":{"minecraft:pillager":1,"minecraft:drowned":2,"minecraft:husk":1,"alexsmobs:skelewag":2,"mutantmonsters:mutant_skeleton":1,"minecraft:skeleton":1},"minecraft:broken":{"minecraft:golden_boots":1,"minecraft:iron_boots":1,"minecraft:iron_chestplate":3,"minecraft:iron_leggings":2,"minecraft:iron_sword":2,"minecraft:wooden_axe":1,"minecraft:trident":1,"minecraft:leather_chestplate":1,"minecraft:iron_axe":3,"minecraft:iron_pickaxe":2}},"DataVersion":3120}